Quantity,,,Price,,,Revenue,,,,,,,,
,,,,,,,,,,,,,,
Mean,12.949,,Mean,3.00593,,Mean,24.72776,,,,,,,
Standard Error,1.21224665,,Standard Error,0.184851726,,Standard Error,2.372689541,,,,,,,
Median,4,,Median,2.1,,Median,10.5,,,,,,,
Mode,1,,Mode,1.25,,Mode,15,,,,,,,
Standard Deviation,38.33460501,,Standard Deviation,5.845524843,,Standard Deviation,75.03103131,,,,,,,
Sample Variance,1469.541941,,Sample Variance,34.1701607,,Sample Variance,5629.65566,,,,,,,
Kurtosis,109.215725,,Kurtosis,593.2441481,,Kurtosis,231.5651197,,,,,,,
Skewness,9.258522273,,Skewness,21.85198741,,Skewness,12.96771803,,,,,,,
Range,599,,Range,165,,Range,1627.2,,,,,,,
Minimum,1,,Minimum,0,,Minimum,0,,,,,,,
Maximum,600,,Maximum,165,,Maximum,1627.2,,,,,,,
Sum,12949,,Sum,3005.93,,Sum,24727.76,,,,,,,
Count,1000,,Count,1000,,Count,1000,,,,,,,
,,,,,,,,,,,,,,
,,,,,,,,,,,,,,
,,,,,,,,,,,,,,
,,,,,,,,,,,,,,
,,,,,,,,,,,,,,
,,,,,,,,,,,,,,
,,,,,,,,,,,,,,OUTLIERS IDENITIFED
,,,,,,,,,,,,,,
,,,,,,,,,,,,,,
,,,,,,,,,,,,,,
,,,,,,,,,,,,,,
,,,,,,,,,,,,,,
,,,,,,,,,,,,,,
,,,,,,,,,,,,,,
,,,,,,,,,,,,,,
,,,,,,,,,,,,,,
,,,,,,,,,,,,,,
,,,,,,,,,,,,,,
,,,,,,,,,,,,,,
,,,,,,,,,,,,,,
,,,,,,,,,,,,,,
,,,,,,,,,,,,,,
,,,,,,,,,,,,,,
,,,,,,,,,,,,,,
,,,,,,,,,,,,,,
,,,,,,,,,,,,,,
,,,,,,,,,,,,,,
,,,,,,,,,,,,,,"WITH THIS, THE DATA WILL BE SEGMENTED"
,,,,,,,,,,,,,,
,,,,,,,,,,,,,,
,,,,,,,,,,,,,,
,,,,,,,,,,,,,,
,,,,,,,,,,,,,,
,,,,,,,,,,,,,,
,,,,,,,,,,,,,,
,,,,,,,,,,,,,,
,,,,,,,,,,,,,,
,,,,,,,,,,,,,,
,,,,,,,,,,,,,,
,,,,,,,,,,,,,,
,,,,,,,,,,,,,,
,,,,,,,,,,,,,,
Row Labels,Count of Itemname,,Row Labels,Sum of Revenue,,,,,,,,,,
United Kingdom,963,,United Kingdom,23321.05,,,,,,,,,,
France,20,,France,855.86,,,,,,,,,,
Australia,14,,Australia,358.25,,,,,,,,,,
Netherlands,2,,Netherlands,192.6,,,,,,,,,,
Grand Total,999,,Grand Total,24727.76,,,,,,,,,,
